example,total_wood_lb,total_bark_lb,total_branch_lb,total_ag_lb,merch_wood_lb,merch_bark_lb,merch_total_lb,merch_top_lb,stump_wood_lb,stump_bark_lb,stump_total_lb,foliage_lb,total_ag_c_lb,total_wood_tons,total_bark_tons,total_branch_tons,total_ag_tons,merch_wood_tons,merch_bark_tons,merch_total_tons,merch_top_tons,stump_wood_tons,stump_bark_tons,stump_total_tons,foliage_tons,total_ag_c_tons
1,2508.826815,365.4366661,280.2905112,3154.553993,2431.574684,354.1840913,2785.758775,299.2429006,60.70936777,8.84294955,69.55231732,83.63478886,1626.474895,1.254413408,0.182718333,0.140145256,1.577276997,1.215787342,0.177092046,1.392879388,0.14962145,0.030354684,0.004421475,0.034776159,0.041817394,0.813237448
2,317.9304624,59.21565621,150.9898459,528.1359645,279.5779363,52.07236461,331.6503009,162.12102,28.96905609,5.395587618,34.36464371,22.80796056,256.5332425,0.158965231,0.029607828,0.075494923,0.264067982,0.139788968,0.026036182,0.16582515,0.08106051,0.014484528,0.002697794,0.017182322,0.01140398,0.128266621
3,187.2002421,26.5991009,28.16951646,241.9688594,163.0311635,23.16493995,186.1961034,28.16951646,24.1690786,3.434160945,27.60323954,0,114.4512705,0.093600121,0.01329955,0.014084758,0.12098443,0.081515582,0.01158247,0.093098052,0.014084758,0.012084539,0.00171708,0.01380162,0,0.057225635
4,1380.407021,208.7391044,507.5236386,2096.669764,1289.30441,194.9629664,1484.267376,512.0870701,87.13860061,13.17671757,100.3153182,35.71612152,1039.319202,0.690203511,0.104369552,0.253761819,1.048334882,0.644652205,0.097481483,0.742133688,0.256043535,0.0435693,0.006588359,0.050157659,0.017858061,0.519659601
