site,plot,total_wood_L,total_wood_D,total_bark_L,total_bark_D,total_branch_L,total_branch_D,total_ag_L,total_ag_D,merch_total_L,merch_total_D,merch_top_L,merch_top_D,stump_total_L,stump_total_D,foliage_L,total_wood_L_c,total_wood_D_c,total_bark_L_c,total_bark_D_c,total_branch_L_c,total_branch_D_c,total_ag_L_c,total_ag_D_c,merch_total_L_c,merch_total_D_c,merch_top_L_c,merch_top_D_c,stump_total_L_c,stump_total_D_c,foliage_L_c
SEKI,1,18.61593429,33.33611072,3.03640925,10.28140281,2.448963603,3.929898968,24.10130715,47.54741249,20.32581752,41.78368444,2.663072373,4.378438981,0.789047021,1.385289074,1.346155376,9.598298155,16.80380064,1.565559957,5.18212126,1.262675429,1.980695686,12.42653354,23.96661759,10.47990682,21.06101089,1.37306902,2.207226076,0.406829356,0.698380624,0.673077688
SEKI,2,16.94990191,6.081981676,5.991084771,0.773736396,4.204092506,0.119119445,27.14507919,6.974837517,21.1921636,6.317633846,4.970097488,0.314099705,0.982818097,0.343103966,2.311637112,8.639365003,3.077482728,3.053655908,0.391510616,2.14282595,0.060274439,13.83584686,3.529267784,10.80164579,3.196722726,2.53325869,0.158934451,0.500942384,0.173610607,1.155818556
YOMI,1,52.54559855,0,8.277647583,0,5.010729796,0,65.83397593,0,56.59898098,0,5.11162068,0,2.098542928,0,3.15140838,27.07615106,0,4.265268791,0,2.580980292,0,33.92240014,0,29.1732994,0,2.63377848,0,1.080987481,0,1.57570419
YOMI,2,0,0,0,0,0,0,0,0,0,0,0,0,0,0,0,0,0,0,0,0,0,0,0,0,0,0,0,0,0,0
YOMI,3,NA,NA,NA,NA,NA,NA,NA,NA,NA,NA,NA,NA,NA,NA,NA,NA,NA,NA,NA,NA,NA,NA,NA,NA,NA,NA,NA,NA,NA,NA
