site,plot,total_wood,total_bark,total_branch,total_ag,merch_total,merch_top,stump_total,foliage,total_wood_c,total_bark_c,total_branch_c,total_ag_c,merch_total_c,merch_top_c,stump_total_c,foliage_c
SEKI,1,51.95204501,13.31781206,6.378862571,71.64871964,62.10950196,7.041511354,2.174336095,1.346155376,26.4020988,6.747681217,3.243371115,36.39315113,31.54091771,3.580295096,1.10520998,0.673077688
SEKI,2,23.03188358,6.764821167,4.323211951,34.1199167,27.50979745,5.284197193,1.325922063,2.311637112,11.71684773,3.445166524,2.20310039,17.36511464,13.99836851,2.69219314,0.674552991,1.155818556
YOMI,1,52.54559855,8.277647583,5.010729796,65.83397593,56.59898098,5.11162068,2.098542928,3.15140838,27.07615106,4.265268791,2.580980292,33.92240014,29.1732994,2.63377848,1.080987481,1.57570419
YOMI,2,0,0,0,0,0,0,0,0,0,0,0,0,0,0,0,0
YOMI,3,NA,NA,NA,NA,NA,NA,NA,NA,NA,NA,NA,NA,NA,NA,NA,NA
